route_id,route_short_name,route_long_name,route_description,route type,route_url
140,140,Northgate - Downtown - Lago Lindo,,,
149,149,Eaux Claires- Clareview Late night,,,
122,122,Westmount - WEM,,,
14,14,Jasper Place - WEM,,,
192,192,Brintnell - West Clareview,,,
773,773,Mill Woods/Greenview - Wagner,,,
33,33,Meadows - Mgte - Sgte - Riverbend - WEM,,,
862,862,Ottewell - Austin O'Brien - Burnewood,,,
323,323,Bonnie Doon - Good Sam 96 St,,,
72,72,Millgate - Silver Berry - Mill Woods TC,,,
764,764,Capilano - McNally - Downtown,,,
844,844,Rosslyn - Beaumaris,,,
96,96,Millgate - 83st/90 Ave,,,
841,841,Northgate - Castle Downs,,,
952,952,FX & JP- Rio Terrace/Parkview/Crestwood,,,
945,945,88 St\132 Ave - Eaux Claires,,,
312,312,Northgate TC - Londonderry Mall,,,
49,49,Century Park - Blackmud Creek,,,
965,965,Braemar - Downtown,,,
872,872,Wagner - Mill Woods TC,,,
322,322,Bonnie Doon - Holyrood,,,
89,89,Meadows-Wild Rose-Tamarack,,,
899,899,JP Comp/St Francis Xavier - LaPerle/WEM,,,
114,114,Jasper Place - Westview Village,,,
815,815,Arch Mac - West Edmonton Mall,,,
762,762,Kenilworth/King Edward Park - McNally,,,
968,968,St Rose - Leger,,,
950,950,HE Beriault - Lymburn/Ormsby,,,
883,883,Vernon Barford to Twin Brooks,,,
884,884,Wagner - Lakewood/Knottwood,,,
151,151,Castle Downs-Downtown-King Edward Pk,,,
81,81,MWTC-Mgte - Ritchie - Downtown,,,
846,846,Arch Mac - Dunluce/Baturyn,,,
969,969,Riverbend  - Leger TC,,,
882,882,Kenilworth - Mill Woods TC,,,
316,316,Lewis Farms-Starling-Trumpeter-Hawks Ridge,,,
137,137,West Edmonton Mall - Clareview,,,
786,786,Southgate - Avalon,,,
99,99,Capilano - Coliseum - Belvedere,,,
898,898,Strathcona-Millgate TC-Mill Woods TC,,,
65,65,Knottwood - Lakewood - Mill Woods TC,,,
184,184,Clareview - Alberta Hosp - Evergreen,,,
977,977,MWTC-Kate Chegwin-Kiniski/Larkspur-Mdow,,,
370,370,Millgate-Silverberry-Mill Woods TC,,,
102,102,West Edmonton Mall - Lymburn,,,
789,789,Southwood/Millhurst - Wagner,,,
601,601,Wedgewood - Ross Shep - Arch Mac,,,
756,756,Carlisle - ME LaZerte,,,
16,16,Castle Downs - Northgate,,,
896,896,Riverbend  - Bulyea Heights - Leger,,,
832,832,Arch Mac - Oxford/Castle Downs,,,
818,818,HE Beriault - Lymburn/Ormsby,,,
967,967,Riverbend - Bulyea Heights - Leger,,,
902,902,Parkview - Lymburn/Ormsby,,,
4,4,Lewis Farms - University - Capilano,,,
826,826,Strathcona - Bulyea Heights/Leger,,,
310,310,Jasper Place TC - Rio Terrace,,,
888,888,Vernon Barford - Century Park Rt 40 OL,,,
52,52,Southgate - Downtown (Nights - 97 Av only),,,
916,916,Ross Sheppard - Dunluce/Baturyn,,,
47,47,Century Park - Allard,,,
895,895,104 St/82 Av - Southgate,,,
621,621,Abbottsfield - Austin O'Brien,,,
2,2,Lessard - Downtown - Highlands - Clareview,,,
870,870,J Percy Page/Holy Trinity - Southwood,,,
876,876,Wagner - Southwood,,,
512,512,LRT Late Night Service,,,
43,43,Century Park - South Campus,,,
707,707,Potter Greens/Hamp-S.Smith/Oscar Romero,,,
66,66,Mill Woods TC - Millgate,,,
190,190,Clareview - Ozerna - Eaux Claires,,,
931,931,ME LaZerte - Ozerna-Lago Lindo/Klar,,,
113,113,West Edmonton Mall - Jasper Place,,,
783,783,Woodvale - Kenilworth,,,
819,819,Ross Shep - WEM,,,
767,767,Mill Woods TC-Millgate TC-Strathcona,,,
100,100,Lewis Farms - WEM - Downtown,,,
24,24,Century Park - Windermere - Leger,,,
79,79,Cent Pk-Ellerslie-Summerside-Walker-MW,,,
330,330,Leger - Riverbend - South Campus,,,
610,610,Dunluce - Ross Shep/Arch Mac,,,
336,336,Leger - Bulyea - Southgate,,,
886,886,Avalon - Southgate,,,
23,23,Mill Woods - Leger - WEM,,,
183,183,Abbottsfield - Clareview,,,
106,106,University - Lessard,,,
589,589,Edm. Waste Management Centre,,,
710,710,WEM - Arch Mac/Ross Shep,,,
103,103,West Edm Mall - Donsdale - Cameron Hts.,,,
107,107,West Edmonton Mall - Wolf Willow Loop,,,
734,734,Lago Lindo - M Butterworth,,,
73,73,Southgate - Millgate - Mill Woods,,,
305,305,Westmount - Jasper Gates,,,
924,924,Dan Knott/St Clement - Lakewood\MWTC,,,
80,80,Capilano - Davies - Southgate,,,
802,802,Jasper Place Comp - Ross Shep,,,
301,301,Southgate - Century Park,,,
953,953,Jasper Place - WEM/Lymburn/Ormsby,,,
782,782,Mill Woods/Woodvale -Ottewell/Kenilworth,,,
3,3,Jasper Place - Downtown - Cromdale,,,
59,59,Mill Woods - Lakewood - South Ed Common,,,
897,897,Lakewood - Wild Rose/Millgate,,,
820,820,LY Cairns - Southgate,,,
35,35,Century Park - Leger,,,
92,92,Millgate-Pylypow Industrial,,,
154,154,Northgate - Belvedere,,,
60,60,Mill Woods TC - Millgate,,,
115,115,West Edmonton Mall - Northgate,,,
105,105,Lessard - South Campus,,,
108,108,Lewis Farms - Breckenridge Greens,,,
778,778,MWTC - Silverberry - Larkspur - McNally,,,
560,560,Spruce Grove - Acheson - Downtown,,,
812,812,Parkview - Belmead/LaPerle,,,
68,68,Mill Woods TC - Millgate,,,
774,774,Silverberry to Austin O'Brien,,,
120,120,Jasper Place - Downtown - Stadium,,,
909,909,Eastglen/Queen Elizabeth - Lago Lindo,,,
194,194,Schonesee - Eaux Claires,,,
848,848,Cardinal Leger/Dickinsfield - L.Lindo,,,
821,821,Crestwood/Parkview - WEM,,,
6,6,Mill Woods TC - Southgate,,,
776,776,Silver Berry/Kiniski - AOB/McNally,,,
363,363,Mill Woods TC - Southwood,,,
37,37,Century Park - Leger,,,
825,825,Victoria - NGTE,,,
327,327,Belgravia - Old Strathcona,,,
835,835,Amiskwaciy - NGTE,,,
940,940,Amiskwaciy - Abbottsfield,,,
890,890,Strathcona - Southgate,,,
705,705,LWFM - WEM - JP Comp/St F X/W.lawn,,,
943,943,Austin O'Brien - Coliseum/Belvedere,,,
193,193,North Miller - West Clareview,,,
822,822,NAIT - NGTE- NAIT/Victoria - Downtown,,,
50,50,South Campus - Aspen Gdns - Southgate,,,
69,69,Mill Woods TC - Meadows - Millgate,,,
609,609,Baturyn - Ross Shep/Arch Mac,,,
814,814,Ross Shep - WEM,,,
26,26,Leger-Windemere,,,
858,858,Amiskwaciy-Kingsway-Stadium,,,
118,118,Jasper Place TC - Rio Terrace,,,
51,51,Parkallen - University,,,
55,55,Southgate - Malmo - South Campus,,,
954,954,Jasper Place -WEM/Callingwood/Wedgewood,,,
13,13,Castle Downs - Northgate,,,
975,975,Millgate - Meadows - Mill Woods TC,,,
340,340,MWTC-Scona-Richfield-Millgate-Hillview,,,
45,45,Century Park - Southgate,,,
703,703,Crestwood-Parkview/Rio Terrace/JP & FX,,,
966,966,Ottewell-AOB - Kiniski Gdn-Southwood-MWTC,,,
42,42,Century Park - Southgate,,,
712,712,Ormsby - HE Beriault/Hillcrest,,,
873,873,Kenilworth - Woodvale,,,
851,851,Card Leger/Dickinsfield - Klarvatten,,,
793,793,Mill Woods - Harry Ainlay,,,
803,803,S Bruce Smith -Lymburn/Ormsby,,,
94,94,University - Gold Bar - Capilano,,,
315,315,Lewis Farms-Secord-Westview-Winterburn Industrial,,,
112,112,West Edmonton Mall - Capilano,,,
839,839,Arch Mac - West Edmonton Mall,,,
877,877,JH Picard - Mill Woods TC,,,
1,1,West Edmonton Mall - Downtown - Capilano,,,
121,121,Westmount - Northgate,,,
606,606,Carlton - Shep/Arch Mac,,,
188,188,Clareview - Londonderry- Eaux Claires,,,
760,760,Wild Rose - McNally,,,
78,78,CP-Ellerslie-Summerside-Walker-MW,,,
85,85,Downtown - Capilano,,,
806,806,165 St/95 Av - NGTE,,,
128,128,University - Westmount - Castle Downs,,,
30,30,MWoods - CentPk - Riverbend - S Campus,,,
750,750,NGTE - Queen E/Leary/Eastglen,,,
157,157,Eaux Claires -  Remand Centre,,,
168,168,Northgate - Carlton - Cumberland,,,
920,920,TD Baker - Minchau,,,
865,865,TD Baker - Mill Woods TC,,,
38,38,Leger - Southgate,,,
785,785,Wild Rose-Larkspur-Kiniski-Hardisty,,,
57,57,Downtown - University via Whyte Av,,,
768,768,Mill Woods/Lakewood - Wagner,,,
82,82,Downtown - 52 St/82 Av - 50 St - MWTC,,,
808,808,JP Comp/St Francis Xavier - Jasper Place,,,
748,748,L. Lindo - DKINFLD/C.Leger,,,
689,689,Windsor Park/Belgravia - Strathcona,,,
787,787,Southgate - Strathcona,,,
40,40,Century Park - Yellowbird - Southgate,,,
104,104,West Lymburn - South Campus,,,
123,123,Jasper Place - Westmount,,,
381,381,Hollick Kenyon - West Clareview,,,
163,163,Eaux Claires - Chambery,,,
856,856,JH Picard - Downtown,,,
921,921,McNally - Silverberry,,,
199,199,Eaux Claires - Edmonton Garrison,,,
41,41,Century Park - Southgate,,,
845,845,O'Leary/Q.Elizabeth - Clareview,,,
8,8,Mill Woods TC - Downtown - Abbottsfield,,,
925,925,Strathcona - Belgravia/Windsor Park,,,
32,32,Brander Gdns - S Campus,,,
892,892,Harry Ainlay/L St Laurent - Yellowbird,,,
840,840,University/Ross Shep - Castle Downs,,,
777,777,Woodvale - K.Chegwin - Lakewood,,,
729,729,Leger - Strathcona,,,
893,893,Harry Ainlay/L St Laurent - MWTC,,,
139,139,The Grange to South Campus,,,
617,617,Klarvatten - Cardinal Leger,,,
849,849,St Cecilia/O'Leary - Clareview,,,
879,879,Ottewell - Millgate,,,
311,311,Jasper Place - WEM TC,,,
15,15,Mill Woods - Downtown - Eaux Claires,,,
923,923,SGTE - Harry Ainlay - Twin Brooks,,,
955,955,Jasper Place - WEM/LaPerle,,,
191,191,Eaux Claires - Klarvatten,,,
796,796,Fraser - Eastglen,,,
77,77,Mill Woods TC - Orchards - Century Park,,,
779,779,MWTC - S.Berry - Larkspur -AOB/Hardisty,,,
878,878,Hardisty - Jackson Hts - Kiniski - MWTC,,,
361,361,Mill Woods TC - Millgate,,,
780,780,MWTC - Southwood - Kiniski-AOB/Hardisty,,,
602,602,Ormsby - LaPerle - Ross Shep - Arch Mac,,,
771,771,Crawford Plains/Lakewood - Wagner,,,
972,972,Ainlay to MacEwan & Rutherford,,,
5,5,Westmount - Coliseum,,,
885,885,Century Park - South Campus,,,
874,874,Wagner - Southwood,,,
9,9,Southgate - Downtown - Eaux Claires,,,
308,308,Riverdale - Downtown,,,
855,855,John D Bracco - Fraser,,,
302,302,Clareview - Alberta Hosp - Evergreen,,,
34,34,Southgate - Bulyea - Leger,,,
828,828,Strathcona - Ramsay Heights/Brookside,,,
317,317,Jasper Place - Westview Village,,,
10,10,Clareview - Belvedere - LON - Coliseum,,,
829,829,Strathcona - Leger,,,
142,142,Coliseum - Abbottsfield,,,
119,119,Lewis Farms - Hamptons,,,
166,166,Northgate - Griesbach,,,
61,61,Mill Woods TC - Millgate,,,
917,917,Fr. Troy - Kiniski/Jackson Heights,,,
941,941,Austin O'Brien - Abbottsfield,,,
12,12,Northgate - Wellington - Kingsway/RAH,,,
339,339,Century Park- Heritage Valley,,,
706,706,Jasper Place-St Francis Xavier/JP Comp,,,
880,880,Kenilworth - Hazeldean/Mill Woods TC,,,
64,64,Knottwood - Lakewood - Mill Woods TC,,,
799,799,Leger - Bulyea Heights/Riverbend,,,
956,956,Jasper Place - Grange,,,
970,970,Arch Joseph MacNiel - Leger TC,,,
861,861,McNally/Hardisty/AOB - Burnewood,,,
87,87,Millgate - Ritchie - Downtown,,,
109,109,WEM - Jasper Place - Downtown,,,
723,723,Haddow/Bulyea Heights - Strath,,,
303,303,Northgate-Kensington-Mistatim Ind,,,
726,726,Leger - St Rose/Arch Mac/Ross Shep,,,
811,811,Parkview/Crestwood - LaPerle\Belmead,,,
331,331,Century Park - Chappelle,,,
309,309,Riverdale - Oliver - Kingsway/RAH,,,
747,747,CPTC - Int Airport- Century Park,,,
307,307,Bonnie Doon - Capilano - Gold Bar,,,
765,765,Rabbit Hill/Rhatigan - Strathcona,,,
83,83,Meadows TC - Maple Ridge - Downtown,,,
853,853,O'Leary - NGTE & Q E - Belvedere,,,
129,129,WEM - Westmount,,,
185,185,Clareview - Abbottsfield,,,
903,903,St Cecilia/O'Leary/Balwin - Clareview,,,
701,701,Belmead - West Edm. Mall,,,
717,717,WEM - Victoria,,,
71,71,MWTC - LKWD - MGTE - Gov Centre,,,
914,914,Ross Sheppard - Wellington/Oxford,,,
111,111,Downtown - West Edmonton Mall,,,
195,195,Clareview - McConachie,,,
761,761,Millgate-Strathcona via Ritchie,,,
608,608,Beaumaris - Shep/Arch Mac,,,
889,889,Harry Ainlay/DS MacKenzie - Yellowbird,,,
753,753,Londonderry - NGTE TC,,,
338,338,Sgte-Brookside-Leger-Cent Pk-Blackburn,,,
90,90,Meadows - Downtown,,,
755,755,Oxford - QE/O'Leary,,,
784,784,Wild Rose/Larkspur - McNally,,,
843,843,Archbishop MacDonald - Downtown via RTE 7,,,
161,161,Castle Downs - Northgate,,,
160,160,Oxford - Carlton - Calder - Gov. Centre,,,
117,117,Lewis Farms - Hamptons,,,
869,869,Ottewell-AOB - Jackson Hts-Larkspur-Silverberry,,,
711,711,Lewis Farms-WEM - Hillcrest/A. Mac/Shep,,,
7,7,Jasper Place - Downtown - University,,,
324,324,Century Park - Windermere/Ambleside,,,
39,39,Century Park - MacEwan - Rutherford,,,
926,926,Ottewell - Univ - WEM,,,
138,138,Wedgewood - South Campus,,,
84,84,Millgate - Capilano,,,
182,182,Fraser - Northgate,,,
781,781,Millgate - McNally,,,
150,150,NGTE - Westmount - Jasper Place - WEM,,,
31,31,Southgate - Bulyea - Leger,,,
48,48,Century Park - Blackburne,,,
502,502,LRT Metro Line,,,
852,852,O'Leary - Dunluce/Castle Downs,,,
730,730,L.Lindo - Ross Shep/Arch Mac,,,
728,728,Brookside/Ramsey Heights - Strathcona,,,
67,67,Mill Woods TC - Silver Berry - Meadows,,,
769,769,Mill Woods/Woodvale - Wagner,,,
501,501,LRT Capital Line,,,
741,741,Knottwood-Lakewood-Millgate-Wagner,,,
337,337,Leger - Century Park,,,
810,810,St Rose - West Edmonton Mall,,,
141,141,Coliseum - Abbottsfield,,,
101,101,West Edmonton Mall - Wedgewood,,,
110,110,West Edm Mall - Wolf Willow - Lessard,,,
790,790,Bearspaw-MacKenzie/Louis St Laurent,,,
871,871,M.Butterworth - Lago Lindo/Belle Rive,,,
939,939,Mary Butterworth - Elsinore,,,
152,152,Northgate - Belvedere,,,
143,143,Kingsway/RAH - Coliseum - Montrose,,,
913,913,Ross Sheppard - Eaux Claires,,,
44,44,Southgate - Twin Brooks,,,
697,697,Leger TC - SCTC wo Terw,,,
362,362,Mill Woods TC - Southwood,,,
842,842,O'Leary/Q.Elizabeth - Oxford,,,
333,333,Lewis Farms - Rosenthal,,,
17,17,Century Park - Southgate,,,
36,36,Century Park - Haddow - South Campus,,,
907,907,Strathcona - Rhatigan/Rabbit Hill,,,
709,709,159 St\87 Av - Downtown,,,
971,971,McNally - Jackson Hts - Larkspur - MDOW,,,
11,11,Clareview - Londonderry - Northgate,,,
162,162,Castle Downs - Eaux Claires,,,
63,63,Southwood - Mill Woods TC,,,
791,791,Rutherford/MacEwan - H Ainlay - SGTE,,,
180,180,Abbottsfield - Belvedere - Eaux Claires,,,
74,74,Mill Woods TC - Century Park,,,
809,809,Hillcrest - West Edmonton Mall,,,
881,881,McNally/Hardisty - Capilano,,,
919,919,Eastglen - Abbottsfield,,,
908,908,Eastglen - Fraser,,,
875,875,Wagner - Woodvale/Mill Woods TC,,,
304,304,Southgate - Southpark Village,,,
837,837,Ross Shep - Kingsway/RAH - Coliseum,,,
313,313,Windsor Park-University-Parkallen,,,
830,830,McNally - Downtown,,,
167,167,Castle Downs-82 St/144 Av-95 St/132 Av,,,
860,860,McNally - Kiniski Gdns-Southwood-MWTC,,,
864,864,McNally - Millgate,,,
181,181,Clareview-Londonderry-Belvedere,,,
153,153,Belvedere - Northgate,,,
126,126,WEM - Westmount,,,
807,807,HE Beriault - West Edmonton Mall,,,
948,948,Hillcrest - WEM/LaPerle,,,
901,901,Arch Mac - NGTE/Matt Berry,,,
347,347,Century Park - Rutherford - Allard,,,
612,612,Oxford - Ross Shep/Arch Mac,,,
53,53,Southgate - South Campus via 40 Av,,,
46,46,Yellowbird - Century Park - Harry Ainlay,,,
859,859,Arch Mac/Ross Shep - NGTE,,,
62,62,Southwood - Mill Woods TC,,,
70,70,Mill Woods TC - 99 St/82 Av - Downtown,,,
136,136,Lewis Estates/Grange - Lewis Farms,,,
708,708,WEM-LaPerle-St.More/St FX - Jasper Pl,,,
731,731,Kingsway/RAH - Westmount,,,
949,949,Hillcrest - WEM/LaPerle,,,
145,145,Eaux Claires - Lago Lindo,,,
334,334,Century Park - Ambleside,,,
824,824,Victoria - WEM - Lewis Farms,,,
957,957,Oscar Romero/S Bruce Smith - Grange,,,
738,738,Leger - Henderson Estates - S.Campus,,,
620,620,Belvedere TC - Austin O'Brien,,,
134,134,Northgate - Downtown,,,
934,934,ME LaZerte - Baturyn/Dunluce,,,
795,795,Twin Brooks - Harry Ainlay - Southgate,,,
88,88,Capilano - Downtown,,,
187,187,Clareview - Clareview Rd - 132A Ave,,,
124,124,Westmount - Jasper Place,,,
164,164,Northgate - Canossa - Rapperswill,,,
95,95,Mill Woods TC - Laurel - Meadows TC,,,
133,133,Lewis Farms to University Express,,,
932,932,Londonderry-Clareview,,,
976,976,Riverbend - Leger - Century Park,,,
959,959,Oscar Romero/S Bruce Smith - WEM,,,
130,130,Northgate - NAIT - University,,,
922,922,Arch Mac - Riverbend - Leger,,,
894,894,Allendale-Strathcona-Millgate via Richie,,,
165,165,Castle Downs - 85 St/132 Av,,,
321,321,Millgate - Strathcona Ind,,,
186,186,Fraser-Clvw-Belv-132 Ave-Ngte,,,
805,805,St FX/St More/Westlawn - WEM,,,
887,887,DS MacKenzie - Twin Brooks,,,
804,804,Arch Mac -WEM - Alder/Belmead/LaPerle,,,
725,725,109 St /111 Ave- University TC,,,
739,739,Lendrum - University,,,
757,757,127 St/129 Av - University,,,
763,763,Bonnie Doon - University,,,
635,635,Westmount - Downtown,,,
735,735,WEM - University Rt 4 OL,,,
125,125,Belvedere - Westmount - Jasper Place,,,
325,325,Leger - Windermere,,,
561,561,Acheson - NAIT via Westmount,,,
580,580,Fort Saskatchewan Commuter,,,
618,618,Matt Berry - JJ Bowlen,,,
54,54,South Campus - Whyte Av - University,,,
744,744,Mayliewan - O'Leary/St Cecilia,,,
800,800,St Cecilia/O'Leary - Matt Berry,,,
97,97,Mill Woods TC - MacEwan - NAIT,,,
935,935,Steele Heights/JJ Bowlen - Matt Berry,,,
98,98,NAIT - West Edmonton Mall,,,
399,399,Coliseum - Concordia College,,,
306,306,Maple Ridge-Meadows,,,
25,25,Leger - Ambleside- Century Park,,,
607,607,Hudson - Shep/Arch Mac,,,
698,698,Jackson Heights - Father Michael Troy,,,
